Board,School,Level,GradeRange,Role,FirstName,LastName,Email,EmailSource,SchoolPhone,SchoolGeneralEmail,SchoolWebsite,Address,Notes,IsChristian
ACSI Eastern Canada,Adelfiha's Christian Academy,Elementary/Middle,"JK, SK, E",Principal,,,,,,,https://adelfiha.ca/,"Downsview, Ontario",ACSI Eastern Canada member,true
ACSI Eastern Canada,Adelfiha's Christian Academy,Elementary/Middle,"JK, SK, E",Vice Principal,,,,,,,https://adelfiha.ca/,"Downsview, Ontario",ACSI Eastern Canada member,true
ACSI Eastern Canada,Calvary Christian School,Elementary/Middle,"JK, SK, E, MS",Principal,,,,,,,https://www.calvarychristianschoolniagara.com/,"St. Catherines, Ontario",ACSI Eastern Canada member,true
ACSI Eastern Canada,Calvary Christian School,Elementary/Middle,"JK, SK, E, MS",Vice Principal,,,,,,,https://www.calvarychristianschoolniagara.com/,"St. Catherines, Ontario",ACSI Eastern Canada member,true
ACSI Eastern Canada,Canaan Global Academy,High School,9-12,Principal,,,,,,,https://www.canaanacademy.ca/,"Toronto, Ontario",ACSI Eastern Canada member,true
ACSI Eastern Canada,Canaan Global Academy,High School,9-12,Athletic Director,,,,,,,https://www.canaanacademy.ca/,"Toronto, Ontario",ACSI Eastern Canada member,true
ACSI Eastern Canada,Canaan Global Academy,High School,9-12,Vice Principal,,,,,,,https://www.canaanacademy.ca/,"Toronto, Ontario",ACSI Eastern Canada member,true
ACSI Eastern Canada,Central Baptist Academy,Elementary/Middle,"JK, SK, E, MS",Principal,,,,,,,http://cbabrantford.ca/,"Brantford, Ontario",ACSI Eastern Canada member,true
ACSI Eastern Canada,Central Baptist Academy,Elementary/Middle,"JK, SK, E, MS",Vice Principal,,,,,,,http://cbabrantford.ca/,"Brantford, Ontario",ACSI Eastern Canada member,true
ACSI Eastern Canada,Community Life Christian School,K-12,"JK, SK, E, MS, HS",Principal,,,,,,,https://www.communitylifechristianschool.com/,"East York, Ontario",ACSI Eastern Canada member,true
ACSI Eastern Canada,Community Life Christian School,K-12,"JK, SK, E, MS, HS",Athletic Director,,,,,,,https://www.communitylifechristianschool.com/,"East York, Ontario",ACSI Eastern Canada member,true
ACSI Eastern Canada,Community Life Christian School,K-12,"JK, SK, E, MS, HS",Vice Principal,,,,,,,https://www.communitylifechristianschool.com/,"East York, Ontario",ACSI Eastern Canada member,true
ACSI Eastern Canada,Cornerstone Montessori Prep School,K-12,"JK, SK, E, MS, HS",Principal,,,,,,,https://cornerstoneprep.ca/preschool/,"Toronto, Ontario",ACSI Eastern Canada member,true
ACSI Eastern Canada,Cornerstone Montessori Prep School,K-12,"JK, SK, E, MS, HS",Athletic Director,,,,,,,https://cornerstoneprep.ca/preschool/,"Toronto, Ontario",ACSI Eastern Canada member,true
ACSI Eastern Canada,Cornerstone Montessori Prep School,K-12,"JK, SK, E, MS, HS",Vice Principal,,,,,,,https://cornerstoneprep.ca/preschool/,"Toronto, Ontario",ACSI Eastern Canada member,true
ACSI Eastern Canada,Destiny Christian Academy,Elementary/Middle,"JK, SK, E",Principal,,,,,,,http://www.destinychristianacademy.ca/,"Kingston, Ontario",ACSI Eastern Canada member,true
ACSI Eastern Canada,Destiny Christian Academy,Elementary/Middle,"JK, SK, E",Vice Principal,,,,,,,http://www.destinychristianacademy.ca/,"Kingston, Ontario",ACSI Eastern Canada member,true
ACSI Eastern Canada,Discipleship Christian Secondary School,High School,9-12,Principal,,,,,,,https://discipleshipchristian.org/,"Kitchener, Ontario",ACSI Eastern Canada member,true
ACSI Eastern Canada,Discipleship Christian Secondary School,High School,9-12,Athletic Director,,,,,,,https://discipleshipchristian.org/,"Kitchener, Ontario",ACSI Eastern Canada member,true
ACSI Eastern Canada,Discipleship Christian Secondary School,High School,9-12,Vice Principal,,,,,,,https://discipleshipchristian.org/,"Kitchener, Ontario",ACSI Eastern Canada member,true
ACSI Eastern Canada,Emmanuel Christian Academy,Elementary/Middle,"JK, SK, E, MS",Principal,,,,,,,https://www.emmanuelchristianacademy.ca/,"Madoc, Ontario",ACSI Eastern Canada member,true
ACSI Eastern Canada,Emmanuel Christian Academy,Elementary/Middle,"JK, SK, E, MS",Vice Principal,,,,,,,https://www.emmanuelchristianacademy.ca/,"Madoc, Ontario",ACSI Eastern Canada member,true
ACSI Eastern Canada,Ethnos Academy,K-12,"E, MS, HS",Principal,,,,,,,http://emanatetraining.ca/your-kids/ethnos-academy/,"Durham, Ontario",ACSI Eastern Canada member,true
ACSI Eastern Canada,Ethnos Academy,K-12,"E, MS, HS",Athletic Director,,,,,,,http://emanatetraining.ca/your-kids/ethnos-academy/,"Durham, Ontario",ACSI Eastern Canada member,true
ACSI Eastern Canada,Ethnos Academy,K-12,"E, MS, HS",Vice Principal,,,,,,,http://emanatetraining.ca/your-kids/ethnos-academy/,"Durham, Ontario",ACSI Eastern Canada member,true
ACSI Eastern Canada,Future Hope Academy Christian School,K-12,"MS, HS",Principal,,,,,,,https://futurehopeacademy.com/,"Toronto, Ontario",ACSI Eastern Canada member,true
ACSI Eastern Canada,Future Hope Academy Christian School,K-12,"MS, HS",Athletic Director,,,,,,,https://futurehopeacademy.com/,"Toronto, Ontario",ACSI Eastern Canada member,true
ACSI Eastern Canada,Future Hope Academy Christian School,K-12,"MS, HS",Vice Principal,,,,,,,https://futurehopeacademy.com/,"Toronto, Ontario",ACSI Eastern Canada member,true
ACSI Eastern Canada,Grace Christian Montessori School,Elementary/Middle,"JK, SK, E",Principal,,,,,,,http://www.gcmsschool.com,"Newmarket, Ontario",ACSI Eastern Canada member,true
ACSI Eastern Canada,Grace Christian Montessori School,Elementary/Middle,"JK, SK, E",Vice Principal,,,,,,,http://www.gcmsschool.com,"Newmarket, Ontario",ACSI Eastern Canada member,true
ACSI Eastern Canada,Innova Academy,K-12,"JK, SK, E, MS, HS",Principal,,,,,,,https://innovaacademy.ca,"Newmarket, Ontario",ACSI Eastern Canada member,true
ACSI Eastern Canada,Innova Academy,K-12,"JK, SK, E, MS, HS",Athletic Director,,,,,,,https://innovaacademy.ca,"Newmarket, Ontario",ACSI Eastern Canada member,true
ACSI Eastern Canada,Innova Academy,K-12,"JK, SK, E, MS, HS",Vice Principal,,,,,,,https://innovaacademy.ca,"Newmarket, Ontario",ACSI Eastern Canada member,true
ACSI Eastern Canada,Lennox & Addington Cornerstone Christian Academy,Elementary/Middle,"JK, SK, E, MS",Principal,,,,,,,https://cornerstonenapanee.com/,"Napanee, Ontario",ACSI Eastern Canada member,true
ACSI Eastern Canada,Lennox & Addington Cornerstone Christian Academy,Elementary/Middle,"JK, SK, E, MS",Vice Principal,,,,,,,https://cornerstonenapanee.com/,"Napanee, Ontario",ACSI Eastern Canada member,true
ACSI Eastern Canada,Meadow Green Academy,Elementary/Middle,"JK, SK, E, MS",Principal,,,,,,,https://meadowgreenacademy.ca/,"Mississauga, Ontario",ACSI Eastern Canada member,true
ACSI Eastern Canada,Meadow Green Academy,Elementary/Middle,"JK, SK, E, MS",Vice Principal,,,,,,,https://meadowgreenacademy.ca/,"Mississauga, Ontario",ACSI Eastern Canada member,true
ACSI Eastern Canada,Mt. Salem Christian School,Elementary/Middle,"JK, SK, E, MS",Principal,,,,,,,https://mtscs.ca/,"Aylmer, Ontario",ACSI Eastern Canada member,true
ACSI Eastern Canada,Mt. Salem Christian School,Elementary/Middle,"JK, SK, E, MS",Vice Principal,,,,,,,https://mtscs.ca/,"Aylmer, Ontario",ACSI Eastern Canada member,true
ACSI Eastern Canada,New Earth Wonders School,K-12,"E, MS, HS",Principal,,,,,,,https://newearthwondersschool.com,"Etobicoke, Ontario",ACSI Eastern Canada member,true
ACSI Eastern Canada,New Earth Wonders School,K-12,"E, MS, HS",Athletic Director,,,,,,,https://newearthwondersschool.com,"Etobicoke, Ontario",ACSI Eastern Canada member,true
ACSI Eastern Canada,New Earth Wonders School,K-12,"E, MS, HS",Vice Principal,,,,,,,https://newearthwondersschool.com,"Etobicoke, Ontario",ACSI Eastern Canada member,true
ACSI Eastern Canada,Newmarket Christian Academy,Elementary/Middle,"JK, SK, E, MS",Principal,,,,,,,https://www.ndca.ca/,"Newmarket, Ontario",ACSI Eastern Canada member,true
ACSI Eastern Canada,Newmarket Christian Academy,Elementary/Middle,"JK, SK, E, MS",Vice Principal,,,,,,,https://www.ndca.ca/,"Newmarket, Ontario",ACSI Eastern Canada member,true
ACSI Eastern Canada,Peoples Christian Academy,K-12,"JK, SK, E, MS, HS",Principal,,,,,,,https://peopleschristianacademy.ca/,"Markham, Ontario",ACSI Eastern Canada member,true
ACSI Eastern Canada,Peoples Christian Academy,K-12,"JK, SK, E, MS, HS",Athletic Director,,,,,,,https://peopleschristianacademy.ca/,"Markham, Ontario",ACSI Eastern Canada member,true
ACSI Eastern Canada,Peoples Christian Academy,K-12,"JK, SK, E, MS, HS",Vice Principal,,,,,,,https://peopleschristianacademy.ca/,"Markham, Ontario",ACSI Eastern Canada member,true
ACSI Eastern Canada,Philopateer Christian College,K-12,"JK, SK, E, MS, HS",Principal,,,,,,,https://pccnet.ca/,"Mississauga, Ontario",ACSI Eastern Canada member,true
ACSI Eastern Canada,Philopateer Christian College,K-12,"JK, SK, E, MS, HS",Athletic Director,,,,,,,https://pccnet.ca/,"Mississauga, Ontario",ACSI Eastern Canada member,true
ACSI Eastern Canada,Philopateer Christian College,K-12,"JK, SK, E, MS, HS",Vice Principal,,,,,,,https://pccnet.ca/,"Mississauga, Ontario",ACSI Eastern Canada member,true
ACSI Eastern Canada,Richmond Hill Christian Academy,K-12,"JK, SK, E, MS, HS",Principal,,,,,,,http://rhcaweb.ca/beta/,"Richmond Hill, Ontario",ACSI Eastern Canada member,true
ACSI Eastern Canada,Richmond Hill Christian Academy,K-12,"JK, SK, E, MS, HS",Athletic Director,,,,,,,http://rhcaweb.ca/beta/,"Richmond Hill, Ontario",ACSI Eastern Canada member,true
ACSI Eastern Canada,Richmond Hill Christian Academy,K-12,"JK, SK, E, MS, HS",Vice Principal,,,,,,,http://rhcaweb.ca/beta/,"Richmond Hill, Ontario",ACSI Eastern Canada member,true
ACSI Eastern Canada,Solid Rock Academy,Elementary/Middle,"JK, SK, E, MS",Principal,,,,,,,http://www.solidrockacademy.ca/,"Etobicoke, Ontario",ACSI Eastern Canada member,true
ACSI Eastern Canada,Solid Rock Academy,Elementary/Middle,"JK, SK, E, MS",Vice Principal,,,,,,,http://www.solidrockacademy.ca/,"Etobicoke, Ontario",ACSI Eastern Canada member,true
ACSI Eastern Canada,Stouffville Christian School,Elementary/Middle,"JK, SK, E, MS",Principal,,,,,,,https://www.stouffvillechristianschool.com/,"Stouffville, Ontario",ACSI Eastern Canada member,true
ACSI Eastern Canada,Stouffville Christian School,Elementary/Middle,"JK, SK, E, MS",Vice Principal,,,,,,,https://www.stouffvillechristianschool.com/,"Stouffville, Ontario",ACSI Eastern Canada member,true
ACSI Eastern Canada,True North Christian Academy,Elementary/Middle,"JK, SK, E, MS",Principal,,,,,,,https://truenorthacademy.ca/,"Stayner, Ontario",ACSI Eastern Canada member,true
ACSI Eastern Canada,True North Christian Academy,Elementary/Middle,"JK, SK, E, MS",Vice Principal,,,,,,,https://truenorthacademy.ca/,"Stayner, Ontario",ACSI Eastern Canada member,true
ACSI Eastern Canada,Westminster Classical Christian Academy,Elementary/Middle,"JK, SK, E, MS",Principal,,,,,,,https://westminsterclassical.ca/,"Toronto, Ontario",ACSI Eastern Canada member,true
ACSI Eastern Canada,Westminster Classical Christian Academy,Elementary/Middle,"JK, SK, E, MS",Vice Principal,,,,,,,https://westminsterclassical.ca/,"Toronto, Ontario",ACSI Eastern Canada member,true
ACSI Eastern Canada,Whitefield Christian Academy (JK-8),Elementary/Middle,"JK, SK, E, MS",Principal,,,,,,,https://www.whitefieldchristianschools.ca/,"Scarborough, Ontario",ACSI Eastern Canada member,true
ACSI Eastern Canada,Whitefield Christian Academy (JK-8),Elementary/Middle,"JK, SK, E, MS",Vice Principal,,,,,,,https://www.whitefieldchristianschools.ca/,"Scarborough, Ontario",ACSI Eastern Canada member,true
ACSI Eastern Canada,Whitefield Christian Collegiate (9-12),High School,9-12,Principal,,,,,,,https://www.whitefieldchristianschools.ca/,"Scarborough, Ontario",ACSI Eastern Canada member,true
ACSI Eastern Canada,Whitefield Christian Collegiate (9-12),High School,9-12,Athletic Director,,,,,,,https://www.whitefieldchristianschools.ca/,"Scarborough, Ontario",ACSI Eastern Canada member,true
ACSI Eastern Canada,Whitefield Christian Collegiate (9-12),High School,9-12,Vice Principal,,,,,,,https://www.whitefieldchristianschools.ca/,"Scarborough, Ontario",ACSI Eastern Canada member,true
Edvance (OACS),Academia Stella Maris,K-12,K-12,Principal,,,,,343-883-6600,info@academiastellamaris.ca,https://www.academiastellamaris.ca,"45 des Benevoles Street Limoges, ON K0A 2M0 CA",Edvance member,true
Edvance (OACS),Academia Stella Maris,K-12,K-12,Athletic Director,,,,,343-883-6600,info@academiastellamaris.ca,https://www.academiastellamaris.ca,"45 des Benevoles Street Limoges, ON K0A 2M0 CA",Edvance member,true
Edvance (OACS),Academia Stella Maris,K-12,K-12,Vice Principal,,,,,343-883-6600,info@academiastellamaris.ca,https://www.academiastellamaris.ca,"45 des Benevoles Street Limoges, ON K0A 2M0 CA",Edvance member,true
Edvance (OACS),Alliston Community Christian School,Elementary/Middle,Elementary,Principal,,,,,705-434-2227,principal@allistonccs.com,https://www.allistonccs.com,"4428 Adjala - Tecumseth Townline Alliston, ON L9R 1V4 CA",Edvance member,true
Edvance (OACS),Alliston Community Christian School,Elementary/Middle,Elementary,Vice Principal,,,,,705-434-2227,principal@allistonccs.com,https://www.allistonccs.com,"4428 Adjala - Tecumseth Townline Alliston, ON L9R 1V4 CA",Edvance member,true
Edvance (OACS),Base Christian School,Elementary/Middle,Elementary,Principal,,,,,519-744-4522,admin@base.school,https://base.school,"850 Sawmill Rd Bloomingdale, ON N0B 1K0 CA",Edvance member,true
Edvance (OACS),Base Christian School,Elementary/Middle,Elementary,Vice Principal,,,,,519-744-4522,admin@base.school,https://base.school,"850 Sawmill Rd Bloomingdale, ON N0B 1K0 CA",Edvance member,true
Edvance (OACS),Beacon Christian School,Elementary/Middle,Elementary,Principal,,,,,905-937-7411,office@beaconchristian.org,https://www.beaconchristian.org,"300 Scott St. St. Catharines, ON L2N 1J3 CA",Edvance member,true
Edvance (OACS),Beacon Christian School,Elementary/Middle,Elementary,Vice Principal,,,,,905-937-7411,office@beaconchristian.org,https://www.beaconchristian.org,"300 Scott St. St. Catharines, ON L2N 1J3 CA",Edvance member,true
Edvance (OACS),Beacon Hill Christian Academy,Elementary/Middle,Elementary,Principal,,,,,905-392-6590,info@beaconhillca.org,https://www.beaconhillca.org/,"9 Hunters Road Stouffville, ON L4A 2L3 CA",Edvance member,true
Edvance (OACS),Beacon Hill Christian Academy,Elementary/Middle,Elementary,Vice Principal,,,,,905-392-6590,info@beaconhillca.org,https://www.beaconhillca.org/,"9 Hunters Road Stouffville, ON L4A 2L3 CA",Edvance member,true
Edvance (OACS),Belleville Christian School,Elementary/Middle,Elementary,Principal,,,,,613-962-7849,office@bellevillechristianschool.ca,https://www.bellevillechristianschool.ca,"138B Wallbridge Loyalist Rd Belleville, ON K8N 4Z2 CA",Edvance member,true
Edvance (OACS),Belleville Christian School,Elementary/Middle,Elementary,Vice Principal,,,,,613-962-7849,office@bellevillechristianschool.ca,https://www.bellevillechristianschool.ca,"138B Wallbridge Loyalist Rd Belleville, ON K8N 4Z2 CA",Edvance member,true
Edvance (OACS),Brampton Christian School,K-12,K-12,Principal,,,,,905-843-3771,admin@bramptoncs.org,https://www.bramptoncs.org,"12480 Hutchinson Farm Ln Caledon, ON L7C 2B6 CA",Edvance member,true
Edvance (OACS),Brampton Christian School,K-12,K-12,Athletic Director,,,,,905-843-3771,admin@bramptoncs.org,https://www.bramptoncs.org,"12480 Hutchinson Farm Ln Caledon, ON L7C 2B6 CA",Edvance member,true
Edvance (OACS),Brampton Christian School,K-12,K-12,Vice Principal,,,,,905-843-3771,admin@bramptoncs.org,https://www.bramptoncs.org,"12480 Hutchinson Farm Ln Caledon, ON L7C 2B6 CA",Edvance member,true
Edvance (OACS),Brantford Christian School,Elementary/Middle,Elementary,Principal,,,,,519-752-0433,officeadmin@bcsbrantford.ca,https://www.bcsbrantford.ca,"30 Clara Cres. Brantford, ON N3S 7C9 CA",Edvance member,true
Edvance (OACS),Brantford Christian School,Elementary/Middle,Elementary,Vice Principal,,,,,519-752-0433,officeadmin@bcsbrantford.ca,https://www.bcsbrantford.ca,"30 Clara Cres. Brantford, ON N3S 7C9 CA",Edvance member,true
Edvance (OACS),Burlington Christian Academy,Elementary/Middle,Elementary,Principal,,,,,905-639-7364,office@bcaschool.ca,https://onlyatbca.com,"521 North Service Road Burlington, ON L7P 5C3 CA",Edvance member,true
Edvance (OACS),Burlington Christian Academy,Elementary/Middle,Elementary,Vice Principal,,,,,905-639-7364,office@bcaschool.ca,https://onlyatbca.com,"521 North Service Road Burlington, ON L7P 5C3 CA",Edvance member,true
Edvance (OACS),Cairn Christian School - Smithville,Elementary/Middle,Elementary,Principal,,,,,905-957-7796,smithville@cairnchristianschool.ca,https://www.cairnchristianschool.ca,"6470 Townline Road Smithville, ON L0R 2A0 CA",Edvance member,true
Edvance (OACS),Cairn Christian School - Smithville,Elementary/Middle,Elementary,Vice Principal,,,,,905-957-7796,smithville@cairnchristianschool.ca,https://www.cairnchristianschool.ca,"6470 Townline Road Smithville, ON L0R 2A0 CA",Edvance member,true
Edvance (OACS),Cairn Christian School - Stoney Creek,Elementary/Middle,Elementary,Principal,,,,,905-643-2460,stoneycreek@cairnchristianschool.ca,https://www.cairnchristianschool.ca,"795 Highway #8 Stoney Creek, ON L8E 5J3 CA",Edvance member,true
Edvance (OACS),Cairn Christian School - Stoney Creek,Elementary/Middle,Elementary,Vice Principal,,,,,905-643-2460,stoneycreek@cairnchristianschool.ca,https://www.cairnchristianschool.ca,"795 Highway #8 Stoney Creek, ON L8E 5J3 CA",Edvance member,true
Edvance (OACS),Calvin Christian School - Unity Road Campus,Elementary/Middle,Elementary,Principal,,,,,,info@ccshamilton.ca,https://ccshamilton.ca/unity-classrooms.php,"32 Unity Side Road Caledonia, ON N3W 1Y2 CA",Edvance member,true
Edvance (OACS),Calvin Christian School - Unity Road Campus,Elementary/Middle,Elementary,Vice Principal,,,,,,info@ccshamilton.ca,https://ccshamilton.ca/unity-classrooms.php,"32 Unity Side Road Caledonia, ON N3W 1Y2 CA",Edvance member,true
Edvance (OACS),Calvin Christian School - West 5th Campus,Elementary/Middle,Elementary,Principal,,,,,905-388-2645,info@ccshamilton.ca,https://www.ccshamilton.ca,"547 West 5th St. Hamilton, ON L9C 3P7 CA",Edvance member,true
Edvance (OACS),Calvin Christian School - West 5th Campus,Elementary/Middle,Elementary,Vice Principal,,,,,905-388-2645,info@ccshamilton.ca,https://www.ccshamilton.ca,"547 West 5th St. Hamilton, ON L9C 3P7 CA",Edvance member,true
Edvance (OACS),Cambridge Christian School,Elementary/Middle,Elementary,Principal,,,,,519-623-2261,office@cambridgechristianschool.com,https://www.cambridgechristianschool.com,"229 Myers Rd. Cambridge, ON N1R 7H3 CA",Edvance member,true
Edvance (OACS),Cambridge Christian School,Elementary/Middle,Elementary,Vice Principal,,,,,519-623-2261,office@cambridgechristianschool.com,https://www.cambridgechristianschool.com,"229 Myers Rd. Cambridge, ON N1R 7H3 CA",Edvance member,true
Edvance (OACS),Chatham Christian School,K-12,K-12,Principal,,,,,519-352-4980,office@chathamchristian.ca,https://chathamchristian.ca/,"475 Keil Drive South Chatham, ON N7M 6L8 CA",Edvance member,true
Edvance (OACS),Chatham Christian School,K-12,K-12,Athletic Director,,,,,519-352-4980,office@chathamchristian.ca,https://chathamchristian.ca/,"475 Keil Drive South Chatham, ON N7M 6L8 CA",Edvance member,true
Edvance (OACS),Chatham Christian School,K-12,K-12,Vice Principal,,,,,519-352-4980,office@chathamchristian.ca,https://chathamchristian.ca/,"475 Keil Drive South Chatham, ON N7M 6L8 CA",Edvance member,true
Edvance (OACS),Christian Virtual School,K-12,K-12,Principal,,,,,226-458-4202,information@christianvirtualschool.com,https://www.christianvirtualschool.com,"38 Mary Street Clinton, ON N0M 1L0 CA",Edvance member,true
Edvance (OACS),Christian Virtual School,K-12,K-12,Athletic Director,,,,,226-458-4202,information@christianvirtualschool.com,https://www.christianvirtualschool.com,"38 Mary Street Clinton, ON N0M 1L0 CA",Edvance member,true
Edvance (OACS),Christian Virtual School,K-12,K-12,Vice Principal,,,,,226-458-4202,information@christianvirtualschool.com,https://www.christianvirtualschool.com,"38 Mary Street Clinton, ON N0M 1L0 CA",Edvance member,true
Edvance (OACS),City Academy Christian School,Unknown,,Principal,,,,,,info@edvance.ca,,"2700 Argentia Road Mississauga, ON L5N 5V4 CA",Edvance member,true
Edvance (OACS),City Academy Christian School,Unknown,,Vice Principal,,,,,,info@edvance.ca,,"2700 Argentia Road Mississauga, ON L5N 5V4 CA",Edvance member,true
Edvance (OACS),Community Christian School,Elementary/Middle,Elementary,Principal,,,,,613-821-3669,info@communitychristianschool.ca,https://www.communitychristianschool.ca,"2681 Glen St. Metcalfe, ON K0A 2P0 CA",Edvance member,true
Edvance (OACS),Community Christian School,Elementary/Middle,Elementary,Principal,,,,,519-638-2935,office@ccsdrayton.org,https://www.ccsdrayton.org,"Box 141, 35 High St. Drayton, ON N0G 1P0 CA",Edvance member,true
Edvance (OACS),Community Christian School,Elementary/Middle,Elementary,Vice Principal,,,,,613-821-3669,info@communitychristianschool.ca,https://www.communitychristianschool.ca,"2681 Glen St. Metcalfe, ON K0A 2P0 CA",Edvance member,true
Edvance (OACS),Community Christian School,Elementary/Middle,Elementary,Vice Principal,,,,,519-638-2935,office@ccsdrayton.org,https://www.ccsdrayton.org,"Box 141, 35 High St. Drayton, ON N0G 1P0 CA",Edvance member,true
Edvance (OACS),Cornerstone Christian High School,High School,9-12,Principal,,,,,,info@cornerstonechristianhs.ca,https://www.cornerstonechristianhs.ca,"101 Nanticoke Creek Parkway Townsend, ON N0A 1S0 CA",Edvance member,true
Edvance (OACS),Cornerstone Christian High School,High School,9-12,Athletic Director,,,,,,info@cornerstonechristianhs.ca,https://www.cornerstonechristianhs.ca,"101 Nanticoke Creek Parkway Townsend, ON N0A 1S0 CA",Edvance member,true
Edvance (OACS),Cornerstone Christian High School,High School,9-12,Vice Principal,,,,,,info@cornerstonechristianhs.ca,https://www.cornerstonechristianhs.ca,"101 Nanticoke Creek Parkway Townsend, ON N0A 1S0 CA",Edvance member,true
Edvance (OACS),Cornerstone Christian School - Emo,K-12,K-12,Principal,,,,,8074823838,office@cornerstonechristian.ca,https://www.cornerstonechristian.ca,"Box 518, 11 School Street Emo, ON P0W 1E0 CA",Edvance member,true
Edvance (OACS),Cornerstone Christian School - Emo,K-12,K-12,Athletic Director,,,,,8074823838,office@cornerstonechristian.ca,https://www.cornerstonechristian.ca,"Box 518, 11 School Street Emo, ON P0W 1E0 CA",Edvance member,true
Edvance (OACS),Cornerstone Christian School - Emo,K-12,K-12,Vice Principal,,,,,8074823838,office@cornerstonechristian.ca,https://www.cornerstonechristian.ca,"Box 518, 11 School Street Emo, ON P0W 1E0 CA",Edvance member,true
Edvance (OACS),Dunnville Christian School,Elementary/Middle,Elementary,Principal,,,,,905-774-5142,secretary@dunnvillechristianschool.ca,https://www.dunnvillechristianschool.ca,"37 Robinson Rd. RR 1 Dunnville, ON N1A 2W1 CA",Edvance member,true
Edvance (OACS),Dunnville Christian School,Elementary/Middle,Elementary,Vice Principal,,,,,905-774-5142,secretary@dunnvillechristianschool.ca,https://www.dunnvillechristianschool.ca,"37 Robinson Rd. RR 1 Dunnville, ON N1A 2W1 CA",Edvance member,true
Edvance (OACS),Durham Christian High School,High School,9-12,Principal,,,,,905-623-5940,office@dchs.com,https://www.dchs.com,"340 West Scugog Lane Bowmanville, ON L1C 7C1 CA",Edvance member,true
Edvance (OACS),Durham Christian High School,High School,9-12,Athletic Director,Brady,McCann,,,905-623-5940,office@dchs.com,https://www.dchs.com,"340 West Scugog Lane Bowmanville, ON L1C 7C1 CA",Edvance member; web-research-2026,true
Edvance (OACS),Durham Christian High School,High School,9-12,Vice Principal,,,,,905-623-5940,office@dchs.com,https://www.dchs.com,"340 West Scugog Lane Bowmanville, ON L1C 7C1 CA",Edvance member,true
Edvance (OACS),Eben-ezer Christian School,K-12,K-12,Principal,,,,,905-563-3077,principal@ecschool.ca,https://www.ecschool.ca,"4160 Fly Rd Campden, ON L0R 1G0 CA",Edvance member,true
Edvance (OACS),Eben-ezer Christian School,K-12,K-12,Athletic Director,,,,,905-563-3077,principal@ecschool.ca,https://www.ecschool.ca,"4160 Fly Rd Campden, ON L0R 1G0 CA",Edvance member,true
Edvance (OACS),Eben-ezer Christian School,K-12,K-12,Vice Principal,,,,,905-563-3077,principal@ecschool.ca,https://www.ecschool.ca,"4160 Fly Rd Campden, ON L0R 1G0 CA",Edvance member,true
Edvance (OACS),Edvance,K-12,K-12,Principal,,,,,2892037171,info@edvance.ca,https://www.edvance.ca,"1295 North Service Rd., Suite 304 Burlington, ON L7P 0V5 CA",Edvance member,true
Edvance (OACS),Edvance,K-12,K-12,Athletic Director,,,,,2892037171,info@edvance.ca,https://www.edvance.ca,"1295 North Service Rd., Suite 304 Burlington, ON L7P 0V5 CA",Edvance member,true
Edvance (OACS),Edvance,K-12,K-12,Vice Principal,,,,,2892037171,info@edvance.ca,https://www.edvance.ca,"1295 North Service Rd., Suite 304 Burlington, ON L7P 0V5 CA",Edvance member,true
Edvance (OACS),Elora Road Christian School,Elementary/Middle,Elementary,Principal,,,,,519-824-1890,school@ercs.cloud,https://www.eloraroad.ca,"5696 Wellington Road 7, RR 5 Guelph, ON N1H 6J2 CA",Edvance member,true
Edvance (OACS),Elora Road Christian School,Elementary/Middle,Elementary,Vice Principal,,,,,519-824-1890,school@ercs.cloud,https://www.eloraroad.ca,"5696 Wellington Road 7, RR 5 Guelph, ON N1H 6J2 CA",Edvance member,true
Edvance (OACS),Foundation Christian School,Elementary/Middle,Elementary,Principal,,,,,519-664-0110,admin@foundationchristianschool.ca,https://foundationchristianschool.ca,"28 Katherine St. S. Winterbourne, ON N0B 2V0 CA",Edvance member,true
Edvance (OACS),Foundation Christian School,Elementary/Middle,Elementary,Vice Principal,,,,,519-664-0110,admin@foundationchristianschool.ca,https://foundationchristianschool.ca,"28 Katherine St. S. Winterbourne, ON N0B 2V0 CA",Edvance member,true
Edvance (OACS),Great Lakes Christian High School,High School,9-12,Principal,,,,,905-563-5374,kerri.kennedy@glchs.ca,https://glchs.ca/,"4875 King St Beamsville, ON L3J 2J1 CA",Edvance member,true
Edvance (OACS),Great Lakes Christian High School,High School,9-12,Athletic Director,,,,,905-563-5374,kerri.kennedy@glchs.ca,https://glchs.ca/,"4875 King St Beamsville, ON L3J 2J1 CA",Edvance member,true
Edvance (OACS),Great Lakes Christian High School,High School,9-12,Vice Principal,,,,,905-563-5374,kerri.kennedy@glchs.ca,https://glchs.ca/,"4875 King St Beamsville, ON L3J 2J1 CA",Edvance member,true
Edvance (OACS),Guelph Community Christian School,Elementary/Middle,Elementary,Principal,,,,,519-824-8860,info@guelphccs.ca,https://www.guelphccs.ca,"195 College Ave. W Guelph, ON N1G 1S6 CA",Edvance member,true
Edvance (OACS),Guelph Community Christian School,Elementary/Middle,Elementary,Vice Principal,,,,,519-824-8860,info@guelphccs.ca,https://www.guelphccs.ca,"195 College Ave. W Guelph, ON N1G 1S6 CA",Edvance member,true
Edvance (OACS),Halton Hills Christian School,Elementary/Middle,Elementary,Principal,,,,,905-877-4221,office@hh-cs.org,https://www.haltonhillschristianschool.org,"11643 Trafalgar Rd., Georgetown, ON L7G 4S4 CA",Edvance member,true
Edvance (OACS),Halton Hills Christian School,Elementary/Middle,Elementary,Vice Principal,,,,,905-877-4221,office@hh-cs.org,https://www.haltonhillschristianschool.org,"11643 Trafalgar Rd., Georgetown, ON L7G 4S4 CA",Edvance member,true
Edvance (OACS),Hamilton District Christian High,High School,9-12,Principal,Duncan,Todd,,,905-648-6655,info@hdch.org,https://www.hdch.org,"92 Glancaster Rd. Ancaster, ON L9G 3K9 CA",Edvance member; web-research-2026,true
Edvance (OACS),Hamilton District Christian High,High School,9-12,Athletic Director,,,,,905-648-6655,info@hdch.org,https://www.hdch.org,"92 Glancaster Rd. Ancaster, ON L9G 3K9 CA",Edvance member,true
Edvance (OACS),Hamilton District Christian High,High School,9-12,Vice Principal,,,,,905-648-6655,info@hdch.org,https://www.hdch.org,"92 Glancaster Rd. Ancaster, ON L9G 3K9 CA",Edvance member,true
Edvance (OACS),Heritage Christian School - Lindsay,Elementary/Middle,Elementary,Principal,,,,,705-324-8363,office@hcslindsay.ca,https://www.hcslindsay.ca,"159 Colborne St. W. Lindsay, ON K9V 5Z8 CA",Edvance member,true
Edvance (OACS),Heritage Christian School - Lindsay,Elementary/Middle,Elementary,Vice Principal,,,,,705-324-8363,office@hcslindsay.ca,https://www.hcslindsay.ca,"159 Colborne St. W. Lindsay, ON K9V 5Z8 CA",Edvance member,true
Edvance (OACS),Heritage Community Christian School - Addison,K-12,K-12,Principal,,,,,613-498-4176,info@hccs.ca,https://www.hccs.ca,"7463 County Road 28 Addison, ON K0E 1A0 CA",Edvance member,true
Edvance (OACS),Heritage Community Christian School - Addison,K-12,K-12,Athletic Director,,,,,613-498-4176,info@hccs.ca,https://www.hccs.ca,"7463 County Road 28 Addison, ON K0E 1A0 CA",Edvance member,true
Edvance (OACS),Heritage Community Christian School - Addison,K-12,K-12,Vice Principal,,,,,613-498-4176,info@hccs.ca,https://www.hccs.ca,"7463 County Road 28 Addison, ON K0E 1A0 CA",Edvance member,true
Edvance (OACS),Huron Christian School,Elementary/Middle,Elementary,Principal,,,,,519-482-7851,office@huronchristianschool.ca,https://www.huronchristianschool.ca,"PO Box 658, 87 Percival St. Clinton, ON N0M 1L0 CA",Edvance member,true
Edvance (OACS),Huron Christian School,Elementary/Middle,Elementary,Vice Principal,,,,,519-482-7851,office@huronchristianschool.ca,https://www.huronchristianschool.ca,"PO Box 658, 87 Percival St. Clinton, ON N0M 1L0 CA",Edvance member,true
Edvance (OACS),Immanuel Christian School - Aylmer,Elementary/Middle,Elementary,Principal,,,,,519-914-3151,office@immanuelchristianschool.net,https://www.immanuelchristianschool.net,"75 Caverly Rd. Aylmer, ON N5H 2P6 CA",Edvance member,true
Edvance (OACS),Immanuel Christian School - Aylmer,Elementary/Middle,Elementary,Vice Principal,,,,,519-914-3151,office@immanuelchristianschool.net,https://www.immanuelchristianschool.net,"75 Caverly Rd. Aylmer, ON N5H 2P6 CA",Edvance member,true
Edvance (OACS),Immanuel Christian School - Oshawa,Elementary/Middle,Elementary,Principal,,,,,905-728-9071,office@immanuelschool.ca,https://www.immanuelschool.ca,"120 Glover's Road Oshawa, ON L1G 3X9 CA",Edvance member,true
Edvance (OACS),Immanuel Christian School - Oshawa,Elementary/Middle,Elementary,Vice Principal,,,,,905-728-9071,office@immanuelschool.ca,https://www.immanuelschool.ca,"120 Glover's Road Oshawa, ON L1G 3X9 CA",Edvance member,true
Edvance (OACS),Issachar Christian Academy,Elementary/Middle,Elementary,Principal,,,,,705-478-7662,info@issacharca.com,https://issacharca.com,"235-B Albert Avenue North Bay, ON P1B 7J6 CA",Edvance member,true
Edvance (OACS),Issachar Christian Academy,Elementary/Middle,Elementary,Vice Principal,,,,,705-478-7662,info@issacharca.com,https://issacharca.com,"235-B Albert Avenue North Bay, ON P1B 7J6 CA",Edvance member,true
Edvance (OACS),Jarvis Community Christian School,Elementary/Middle,Elementary,Principal,,,,,519-587-4444,info@jarvisccs.com,https://www.jarvisccs.com,"149 Talbot St E, PO Box 520 Jarvis, ON N0A 1J0 CA",Edvance member,true
Edvance (OACS),Jarvis Community Christian School,Elementary/Middle,Elementary,Vice Principal,,,,,519-587-4444,info@jarvisccs.com,https://www.jarvisccs.com,"149 Talbot St E, PO Box 520 Jarvis, ON N0A 1J0 CA",Edvance member,true
Edvance (OACS),John Knox Christian School,Elementary/Middle,Elementary,Principal,,,,,905-451-3236 X121,astraatsma@bramptonjkcs.org,https://www.bramptonjkcs.org,"82 McLaughlin Rd. S. Brampton, ON L6Y 2C7 CA",Edvance member,true
Edvance (OACS),John Knox Christian School,Elementary/Middle,Elementary,Principal,,,,,905-829-8048,gpetrusma@jkcs-oakville.ca,https://www.jkcs-oakville.ca,"2232 Sheridan Garden Dr. Oakville, ON L6J 7T1 CA",Edvance member,true
Edvance (OACS),John Knox Christian School,Elementary/Middle,Elementary,Vice Principal,,,,,905-451-3236 X121,astraatsma@bramptonjkcs.org,https://www.bramptonjkcs.org,"82 McLaughlin Rd. S. Brampton, ON L6Y 2C7 CA",Edvance member,true
Edvance (OACS),John Knox Christian School,Elementary/Middle,Elementary,Vice Principal,,,,,905-829-8048,gpetrusma@jkcs-oakville.ca,https://www.jkcs-oakville.ca,"2232 Sheridan Garden Dr. Oakville, ON L6J 7T1 CA",Edvance member,true
Edvance (OACS),John Knox Christian School - Wyoming,Elementary/Middle,Elementary,Principal,,,,,519-845-3112,info@wyomingjkcs.com,https://www.wyomingjkcs.com,"Box 81, 4738 Confederation Line Wyoming, ON N0N 1T0 CA",Edvance member,true
Edvance (OACS),John Knox Christian School - Wyoming,Elementary/Middle,Elementary,Vice Principal,,,,,519-845-3112,info@wyomingjkcs.com,https://www.wyomingjkcs.com,"Box 81, 4738 Confederation Line Wyoming, ON N0N 1T0 CA",Edvance member,true
Edvance (OACS),Jérôme Lejeune School,K-12,K-12,Principal,,,,,,info@edvance.ca,https://www.lejeuneschool.com,"1359 Chatelain Avenue Ottawa, ON K1Z 8A6 CA",Edvance member,true
Edvance (OACS),Jérôme Lejeune School,K-12,K-12,Athletic Director,,,,,,info@edvance.ca,https://www.lejeuneschool.com,"1359 Chatelain Avenue Ottawa, ON K1Z 8A6 CA",Edvance member,true
Edvance (OACS),Jérôme Lejeune School,K-12,K-12,Vice Principal,,,,,,info@edvance.ca,https://www.lejeuneschool.com,"1359 Chatelain Avenue Ottawa, ON K1Z 8A6 CA",Edvance member,true
Edvance (OACS),King Christian School,Elementary/Middle,Elementary,Principal,,,,,905-853-1881,office@kingchristian.ca,https://www.kingchristian.ca,"19740 Bathurst St. East Gwillimbury, ON L9N 0N5 CA",Edvance member,true
Edvance (OACS),King Christian School,Elementary/Middle,Elementary,Vice Principal,,,,,905-853-1881,office@kingchristian.ca,https://www.kingchristian.ca,"19740 Bathurst St. East Gwillimbury, ON L9N 0N5 CA",Edvance member,true
Edvance (OACS),King's Christian Collegiate,High School,9-12,Principal,,,,,905-257-5464,office@kingschristian.ca,https://www.kingschristian.ca,"528 Burnhamthorpe Rd W. Oakville, ON L6M 4K6 CA",Edvance member,true
Edvance (OACS),King's Christian Collegiate,High School,9-12,Athletic Director,,,,,905-257-5464,office@kingschristian.ca,https://www.kingschristian.ca,"528 Burnhamthorpe Rd W. Oakville, ON L6M 4K6 CA",Edvance member,true
Edvance (OACS),King's Christian Collegiate,High School,9-12,Vice Principal,,,,,905-257-5464,office@kingschristian.ca,https://www.kingschristian.ca,"528 Burnhamthorpe Rd W. Oakville, ON L6M 4K6 CA",Edvance member,true
Edvance (OACS),Kingston Christian School,Elementary/Middle,Elementary,Principal,,,,,613-384-9572,admin@kingstonchristianschool.ca,https://www.kingstonchristianschool.ca,"1212 Woodbine Rd. Kingston, ON K7L 4V2 CA",Edvance member,true
Edvance (OACS),Kingston Christian School,Elementary/Middle,Elementary,Vice Principal,,,,,613-384-9572,admin@kingstonchristianschool.ca,https://www.kingstonchristianschool.ca,"1212 Woodbine Rd. Kingston, ON K7L 4V2 CA",Edvance member,true
Edvance (OACS),Kleinburg Christian Academy,Elementary/Middle,Elementary,Principal,,,,,905-893-7211,office@kleinburgchristian.ca,https://www.kleinburgchristian.ca,"6950 Nashville Rd. Kleinburg, ON L0J 1C0 CA",Edvance member,true
Edvance (OACS),Kleinburg Christian Academy,Elementary/Middle,Elementary,Vice Principal,,,,,905-893-7211,office@kleinburgchristian.ca,https://www.kleinburgchristian.ca,"6950 Nashville Rd. Kleinburg, ON L0J 1C0 CA",Edvance member,true
Edvance (OACS),Knox Christian School,Elementary/Middle,Elementary,Principal,,,,,905-623-5871,office@knoxchristian.com,https://www.knoxchristian.com,"410 North Scugog Court Bowmanville, ON L1C 6T1 CA",Edvance member,true
Edvance (OACS),Knox Christian School,Elementary/Middle,Elementary,Vice Principal,,,,,905-623-5871,office@knoxchristian.com,https://www.knoxchristian.com,"410 North Scugog Court Bowmanville, ON L1C 6T1 CA",Edvance member,true
Edvance (OACS),Laurentian Hills Christian School,Elementary/Middle,Elementary,Principal,,,,,519-576-6700,mjgrift@lhcs.net,https://www.lhcs.net,"11 Laurentian Dr. Kitchener, ON N2E 1C1 CA",Edvance member,true
Edvance (OACS),Laurentian Hills Christian School,Elementary/Middle,Elementary,Vice Principal,,,,,519-576-6700,mjgrift@lhcs.net,https://www.lhcs.net,"11 Laurentian Dr. Kitchener, ON N2E 1C1 CA",Edvance member,true
Edvance (OACS),Listowel Christian School,Elementary/Middle,Elementary,Principal,,,,,519-291-3086,office@listowelchristianschool.ca,https://www.listowelchristianschool.ca,"305 Binning Street West Listowel, ON N4W 1G4 CA",Edvance member,true
Edvance (OACS),Listowel Christian School,Elementary/Middle,Elementary,Vice Principal,,,,,519-291-3086,office@listowelchristianschool.ca,https://www.listowelchristianschool.ca,"305 Binning Street West Listowel, ON N4W 1G4 CA",Edvance member,true
Edvance (OACS),London Christian Academy,Elementary/Middle,Elementary,Principal,,,,,519-473-3332,office@londonchristianacademy.ca,https://www.londonchristianacademy.ca,"85 Charles Street London, ON N6H 1H1 CA",Edvance member,true
Edvance (OACS),London Christian Academy,Elementary/Middle,Elementary,Vice Principal,,,,,519-473-3332,office@londonchristianacademy.ca,https://www.londonchristianacademy.ca,"85 Charles Street London, ON N6H 1H1 CA",Edvance member,true
Edvance (OACS),London Christian Elementary School,Elementary/Middle,Elementary,Principal,,,,,519-455-0360,info@londonchristian.ca,https://www.londonchristian.ca,"202 Clarke Rd. London, ON N5W 5E4 CA",Edvance member,true
Edvance (OACS),London Christian Elementary School,Elementary/Middle,Elementary,Vice Principal,,,,,519-455-0360,info@londonchristian.ca,https://www.londonchristian.ca,"202 Clarke Rd. London, ON N5W 5E4 CA",Edvance member,true
Edvance (OACS),London Christian High,High School,9-12,Principal,,,,,519-455-4360,office@lchonline.ca,https://www.londonchristianhigh.ca,"24 Braesyde Ave. London, ON N5W 1V3 CA",Edvance member,true
Edvance (OACS),London Christian High,High School,9-12,Athletic Director,,,,,519-455-4360,office@lchonline.ca,https://www.londonchristianhigh.ca,"24 Braesyde Ave. London, ON N5W 1V3 CA",Edvance member,true
Edvance (OACS),London Christian High,High School,9-12,Vice Principal,,,,,519-455-4360,office@lchonline.ca,https://www.londonchristianhigh.ca,"24 Braesyde Ave. London, ON N5W 1V3 CA",Edvance member,true
Edvance (OACS),Maranatha Christian Academy,K-12,K-12,Principal,,,,,519-966-7424,wkogel@maranathachristian.ca,https://www.maranathachristian.ca,"939 Northwood St. Windsor, ON N9E 1A2 CA",Edvance member,true
Edvance (OACS),Maranatha Christian Academy,K-12,K-12,Athletic Director,,,,,519-966-7424,wkogel@maranathachristian.ca,https://www.maranathachristian.ca,"939 Northwood St. Windsor, ON N9E 1A2 CA",Edvance member,true
Edvance (OACS),Maranatha Christian Academy,K-12,K-12,Vice Principal,,,,,519-966-7424,wkogel@maranathachristian.ca,https://www.maranathachristian.ca,"939 Northwood St. Windsor, ON N9E 1A2 CA",Edvance member,true
Edvance (OACS),Milton Christian School,Elementary/Middle,Elementary,Principal,,,,,905-878-0550,administration@miltonchristianschool.com,https://www.miltonchristianschool.com,"45 Bruce Street Milton, ON L9T 2L5 CA",Edvance member,true
Edvance (OACS),Milton Christian School,Elementary/Middle,Elementary,Vice Principal,,,,,905-878-0550,administration@miltonchristianschool.com,https://www.miltonchristianschool.com,"45 Bruce Street Milton, ON L9T 2L5 CA",Edvance member,true
Edvance (OACS),Mississauga Christian Academy,Elementary/Middle,Elementary,Principal,,,,,905-826-4114,mcaoffice@mcalearn.com,https://www.mcalearn.com,"2720 Gananoque Drive Mississauga, ON L5N 2R2 CA",Edvance member,true
Edvance (OACS),Mississauga Christian Academy,Elementary/Middle,Elementary,Vice Principal,,,,,905-826-4114,mcaoffice@mcalearn.com,https://www.mcalearn.com,"2720 Gananoque Drive Mississauga, ON L5N 2R2 CA",Edvance member,true
Edvance (OACS),Muskoka Christian School,K-12,K-12,Principal,,,,,705-385-2847,office@muskokachristianschool.com,https://www.muskokachristianschool.com,"370 South Mary Lake Rd Port Sydney, ON P0B 1L0 CA",Edvance member,true
Edvance (OACS),Muskoka Christian School,K-12,K-12,Athletic Director,,,,,705-385-2847,office@muskokachristianschool.com,https://www.muskokachristianschool.com,"370 South Mary Lake Rd Port Sydney, ON P0B 1L0 CA",Edvance member,true
Edvance (OACS),Muskoka Christian School,K-12,K-12,Vice Principal,,,,,705-385-2847,office@muskokachristianschool.com,https://www.muskokachristianschool.com,"370 South Mary Lake Rd Port Sydney, ON P0B 1L0 CA",Edvance member,true
Edvance (OACS),Niagara Christian Collegiate,High School,9-12,Principal,,,,,905-871-6980,mcampbell@niagaracc.com,https://www.niagaracc.com,"2619 Niagara Pkwy Fort Erie, ON L2A 5M4 CA",Edvance member,true
Edvance (OACS),Niagara Christian Collegiate,High School,9-12,Athletic Director,,,,,905-871-6980,mcampbell@niagaracc.com,https://www.niagaracc.com,"2619 Niagara Pkwy Fort Erie, ON L2A 5M4 CA",Edvance member,true
Edvance (OACS),Niagara Christian Collegiate,High School,9-12,Vice Principal,,,,,905-871-6980,mcampbell@niagaracc.com,https://www.niagaracc.com,"2619 Niagara Pkwy Fort Erie, ON L2A 5M4 CA",Edvance member,true
Edvance (OACS),Nimbus Christian Education,K-12,K-12,Principal,,,,,289-678-1721,office@nimbuseducation.ca,https://nimbuseducation.ca/,"Online, ON CA",Edvance member,true
Edvance (OACS),Nimbus Christian Education,K-12,K-12,Athletic Director,,,,,289-678-1721,office@nimbuseducation.ca,https://nimbuseducation.ca/,"Online, ON CA",Edvance member,true
Edvance (OACS),Nimbus Christian Education,K-12,K-12,Vice Principal,,,,,289-678-1721,office@nimbuseducation.ca,https://nimbuseducation.ca/,"Online, ON CA",Edvance member,true
Edvance (OACS),North Toronto Christian School,K-12,K-12,Principal,,,,,416-491-7667,nbrouwer@ntcs.on.ca,https://www.ntcs.on.ca,"255 Yorkland Blvd North York, ON M2J 1S3 CA",Edvance member,true
Edvance (OACS),North Toronto Christian School,K-12,K-12,Athletic Director,,,,,416-491-7667,nbrouwer@ntcs.on.ca,https://www.ntcs.on.ca,"255 Yorkland Blvd North York, ON M2J 1S3 CA",Edvance member,true
Edvance (OACS),North Toronto Christian School,K-12,K-12,Vice Principal,,,,,416-491-7667,nbrouwer@ntcs.on.ca,https://www.ntcs.on.ca,"255 Yorkland Blvd North York, ON M2J 1S3 CA",Edvance member,true
Edvance (OACS),Northumberland Christian School,Elementary/Middle,Elementary,Principal,,,,,905-372-8766,office@northumberlandchristian.ca,https://northumberlandchristian.ca,"8861 Danforth Rd East Cobourg, ON K9A 4J8 CA",Edvance member,true
Edvance (OACS),Northumberland Christian School,Elementary/Middle,Elementary,Vice Principal,,,,,905-372-8766,office@northumberlandchristian.ca,https://northumberlandchristian.ca,"8861 Danforth Rd East Cobourg, ON K9A 4J8 CA",Edvance member,true
Edvance (OACS),Oakville Christian School,Elementary/Middle,Elementary,Principal,,,,,905-825-1247,jkennedy@oakvillechristianschool.com,https://www.oakvillechristianschool.com,"112 Third Line, Oakville, ON L6L 3Z6 CA",Edvance member,true
Edvance (OACS),Oakville Christian School,Elementary/Middle,Elementary,Vice Principal,,,,,905-825-1247,jkennedy@oakvillechristianschool.com,https://www.oakvillechristianschool.com,"112 Third Line, Oakville, ON L6L 3Z6 CA",Edvance member,true
Edvance (OACS),Orangeville Christian School,Elementary/Middle,Elementary,Principal,,,,,519-941-3381,information@orangevillechristianschool.com,https://www.orangevillechristianschool.com,"P.O. Box 176, 553281 County Rd 16 Orangeville, ON L9W 2Z6 CA",Edvance member,true
Edvance (OACS),Orangeville Christian School,Elementary/Middle,Elementary,Vice Principal,,,,,519-941-3381,information@orangevillechristianschool.com,https://www.orangevillechristianschool.com,"P.O. Box 176, 553281 County Rd 16 Orangeville, ON L9W 2Z6 CA",Edvance member,true
Edvance (OACS),Orillia Christian School,Elementary/Middle,Elementary,Principal,,,,,705-326-0532,office@orilliachristianschool.com,https://www.orilliachristianschool.com,"Box 862, 505 Gill Street Orillia, ON L3V 6K8 CA",Edvance member,true
Edvance (OACS),Orillia Christian School,Elementary/Middle,Elementary,Vice Principal,,,,,705-326-0532,office@orilliachristianschool.com,https://www.orilliachristianschool.com,"Box 862, 505 Gill Street Orillia, ON L3V 6K8 CA",Edvance member,true
Edvance (OACS),Ottawa Christian School,Elementary/Middle,Elementary,Principal,,,,,613-825-3000,info@ocschool.org,https://www.ocschool.org,"255 Tartan Drive Ottawa, ON K2J 3T1 CA",Edvance member,true
Edvance (OACS),Ottawa Christian School,Elementary/Middle,Elementary,Vice Principal,,,,,613-825-3000,info@ocschool.org,https://www.ocschool.org,"255 Tartan Drive Ottawa, ON K2J 3T1 CA",Edvance member,true
Edvance (OACS),Pickering Christian School,Elementary/Middle,Elementary,Principal,,,,,905-427-3120,office@pickeringcs.on.ca,https://www.pickeringcs.on.ca,"162 Rossland Road East Ajax, ON L1T 4V2 CA",Edvance member,true
Edvance (OACS),Pickering Christian School,Elementary/Middle,Elementary,Vice Principal,,,,,905-427-3120,office@pickeringcs.on.ca,https://www.pickeringcs.on.ca,"162 Rossland Road East Ajax, ON L1T 4V2 CA",Edvance member,true
Edvance (OACS),Plattsville Christian School,Elementary/Middle,Elementary,Principal,,,,,(519) 684-7531,plattsvillechristian@gmail.com,https://www.plattsvillechristianschool.com,"19 Albert St Plattsville, ON N0J1S0 CA",Edvance member,true
Edvance (OACS),Plattsville Christian School,Elementary/Middle,Elementary,Vice Principal,,,,,(519) 684-7531,plattsvillechristian@gmail.com,https://www.plattsvillechristianschool.com,"19 Albert St Plattsville, ON N0J1S0 CA",Edvance member,true
Edvance (OACS),Providence Christian School,Elementary/Middle,Elementary,Principal,,,,,905-627-1411,office@providencecs.ca,https://www.providencecs.ca,"542 Ofield Rd. N., RR #2 Dundas, ON L9H 5E2 CA",Edvance member,true
Edvance (OACS),Providence Christian School,Elementary/Middle,Elementary,Vice Principal,,,,,905-627-1411,office@providencecs.ca,https://www.providencecs.ca,"542 Ofield Rd. N., RR #2 Dundas, ON L9H 5E2 CA",Edvance member,true
Edvance (OACS),Quinte Christian High School,K-12,K-12,Principal,,,,,613-968-7870,admin@qchs.ca,https://qrcs.ca/,"138 Wallbridge-Loyalist Road Belleville, ON K8N 4Z2 CA",Edvance member,true
Edvance (OACS),Quinte Christian High School,K-12,K-12,Athletic Director,,,,,613-968-7870,admin@qchs.ca,https://qrcs.ca/,"138 Wallbridge-Loyalist Road Belleville, ON K8N 4Z2 CA",Edvance member,true
Edvance (OACS),Quinte Christian High School,K-12,K-12,Vice Principal,,,,,613-968-7870,admin@qchs.ca,https://qrcs.ca/,"138 Wallbridge-Loyalist Road Belleville, ON K8N 4Z2 CA",Edvance member,true
Edvance (OACS),Redeemer Christian High School,High School,9-12,Principal,,,,,613-723-9262,info@rchs.on.ca,https://www.rchs.on.ca,"82 Colonnade Rd. N. Ottawa, ON K2E 7L2 CA",Edvance member,true
Edvance (OACS),Redeemer Christian High School,High School,9-12,Athletic Director,,,,,613-723-9262,info@rchs.on.ca,https://www.rchs.on.ca,"82 Colonnade Rd. N. Ottawa, ON K2E 7L2 CA",Edvance member,true
Edvance (OACS),Redeemer Christian High School,High School,9-12,Vice Principal,,,,,613-723-9262,info@rchs.on.ca,https://www.rchs.on.ca,"82 Colonnade Rd. N. Ottawa, ON K2E 7L2 CA",Edvance member,true
Edvance (OACS),Rehoboth Christian School,K-12,K-12,Principal,,,,,905-627-5977,office@rehoboth.on.ca,https://rehoboth.on.ca,"198 Inksetter Rd Copetown, ON L0R 1J0 CA",Edvance member,true
Edvance (OACS),Rehoboth Christian School,K-12,K-12,Athletic Director,,,,,905-627-5977,office@rehoboth.on.ca,https://rehoboth.on.ca,"198 Inksetter Rd Copetown, ON L0R 1J0 CA",Edvance member,true
Edvance (OACS),Rehoboth Christian School,K-12,K-12,Vice Principal,,,,,905-627-5977,office@rehoboth.on.ca,https://rehoboth.on.ca,"198 Inksetter Rd Copetown, ON L0R 1J0 CA",Edvance member,true
Edvance (OACS),Rhema Christian School,Elementary/Middle,Elementary,Principal,,,,,705-743-1400,office@rhema.ca,https://www.rhema.ca,"29 County Rd. 4 Peterborough, ON K9L 1B8 CA",Edvance member,true
Edvance (OACS),Rhema Christian School,Elementary/Middle,Elementary,Vice Principal,,,,,705-743-1400,office@rhema.ca,https://www.rhema.ca,"29 County Rd. 4 Peterborough, ON K9L 1B8 CA",Edvance member,true
Edvance (OACS),Sarnia Christian School,Elementary/Middle,Elementary,Principal,,,,,519-383-7750,info@sarniachristian.com,https://www.sarniachristian.com,"1273 Exmouth St. Sarnia, ON N7S 1W9 CA",Edvance member,true
Edvance (OACS),Sarnia Christian School,Elementary/Middle,Elementary,Vice Principal,,,,,519-383-7750,info@sarniachristian.com,https://www.sarniachristian.com,"1273 Exmouth St. Sarnia, ON N7S 1W9 CA",Edvance member,true
Edvance (OACS),Smithville Christian High School,High School,9-12,Principal,Linda,Delean,,,905-957-3255,office@smithvillechristian.ca,https://www.smithvillechristian.ca,"6488 Townline Road P.O. Box 40 P.O. Box 40 Smithville, ON L0R 2A0 CA",Edvance member; web-research-2026,true
Edvance (OACS),Smithville Christian High School,High School,9-12,Athletic Director,,,,,905-957-3255,office@smithvillechristian.ca,https://www.smithvillechristian.ca,"6488 Townline Road P.O. Box 40 P.O. Box 40 Smithville, ON L0R 2A0 CA",Edvance member,true
Edvance (OACS),Smithville Christian High School,High School,9-12,Vice Principal,Tim,Selles,,,905-957-3255,office@smithvillechristian.ca,https://www.smithvillechristian.ca,"6488 Townline Road P.O. Box 40 P.O. Box 40 Smithville, ON L0R 2A0 CA",Edvance member; web-research-2026,true
Edvance (OACS),Smithville Christian High School,High School,9-12,Vice Principal,Lisa,Doyle,,,905-957-3255,office@smithvillechristian.ca,https://www.smithvillechristian.ca,"6488 Townline Road P.O. Box 40 P.O. Box 40 Smithville, ON L0R 2A0 CA",Edvance member; web-research-2026,true
Edvance (OACS),Solid Foundations School,Elementary/Middle,Elementary,Principal,,,,,519-424-7233,board@sfschool.ca,https://www.sfschool.ca,"640 Main St. South Burgessville, ON N0J 1C0 CA",Edvance member,true
Edvance (OACS),Solid Foundations School,Elementary/Middle,Elementary,Vice Principal,,,,,519-424-7233,board@sfschool.ca,https://www.sfschool.ca,"640 Main St. South Burgessville, ON N0J 1C0 CA",Edvance member,true
Edvance (OACS),Sonrise Christian Academy,Elementary/Middle,Elementary,Principal,,,,,613-476-7883,office@sonrisechristianacademy.com,https://www.sonrisechristianacademy.com,"58 Johnson St., Picton, ON K0K 2T0 CA",Edvance member,true
Edvance (OACS),Sonrise Christian Academy,Elementary/Middle,Elementary,Vice Principal,,,,,613-476-7883,office@sonrisechristianacademy.com,https://www.sonrisechristianacademy.com,"58 Johnson St., Picton, ON K0K 2T0 CA",Edvance member,true
Edvance (OACS),South Shore Christian School,Elementary/Middle,Elementary,Principal,,,,,(519) 819-2202,southshorechristianschool@gmail.com,https://southshorecs.ca,"134 Mill Street East Leamington, ON N8H 1S6 CA",Edvance member,true
Edvance (OACS),South Shore Christian School,Elementary/Middle,Elementary,Vice Principal,,,,,(519) 819-2202,southshorechristianschool@gmail.com,https://southshorecs.ca,"134 Mill Street East Leamington, ON N8H 1S6 CA",Edvance member,true
Edvance (OACS),St. Thomas Community Christian School,K-12,K-12,Principal,,,,,519-633-0690,info@stthomaschristian.org,https://www.stthomaschristian.org,"77 Fairview Ave. St. Thomas, ON N5R 4X7 CA",Edvance member,true
Edvance (OACS),St. Thomas Community Christian School,K-12,K-12,Athletic Director,,,,,519-633-0690,info@stthomaschristian.org,https://www.stthomaschristian.org,"77 Fairview Ave. St. Thomas, ON N5R 4X7 CA",Edvance member,true
Edvance (OACS),St. Thomas Community Christian School,K-12,K-12,Vice Principal,,,,,519-633-0690,info@stthomaschristian.org,https://www.stthomaschristian.org,"77 Fairview Ave. St. Thomas, ON N5R 4X7 CA",Edvance member,true
Edvance (OACS),St. Timothy's Classical Academy,Elementary/Middle,Elementary,Principal,,,,,613-794-1750,administrator@st-timothys.ca,https://www.st-timothys.ca,"1061 Pinecrest Road, Annex Ottawa, ON K2B 6B7 CA",Edvance member,true
Edvance (OACS),St. Timothy's Classical Academy,Elementary/Middle,Elementary,Vice Principal,,,,,613-794-1750,administrator@st-timothys.ca,https://www.st-timothys.ca,"1061 Pinecrest Road, Annex Ottawa, ON K2B 6B7 CA",Edvance member,true
Edvance (OACS),Stratford & District Christian School,Elementary/Middle,Elementary,Principal,,,,,519-271-0051,sdcsoffice@sdcs.on.ca,https://www.sdcs.on.ca,"190 Queensland Rd. Stratford, ON N4Z 0A3 CA",Edvance member,true
Edvance (OACS),Stratford & District Christian School,Elementary/Middle,Elementary,Vice Principal,,,,,519-271-0051,sdcsoffice@sdcs.on.ca,https://www.sdcs.on.ca,"190 Queensland Rd. Stratford, ON N4Z 0A3 CA",Edvance member,true
Edvance (OACS),Strathroy Community Christian School,Elementary/Middle,Elementary,Principal,,,,,519-245-1934,office@sccs.ca,https://www.sccs.ca,"7880 Walkers Dr. Strathroy, ON N7G 3H4 CA",Edvance member,true
Edvance (OACS),Strathroy Community Christian School,Elementary/Middle,Elementary,Vice Principal,,,,,519-245-1934,office@sccs.ca,https://www.sccs.ca,"7880 Walkers Dr. Strathroy, ON N7G 3H4 CA",Edvance member,true
Edvance (OACS),Sudbury Christian Academy,Elementary/Middle,Elementary,Principal,,,,,(705) 522-1649,reception@scacademy.ca,https://www.scacademy.ca,"1096 Dublin Street Sudbury, ON P3A1R6 CA",Edvance member,true
Edvance (OACS),Sudbury Christian Academy,Elementary/Middle,Elementary,Vice Principal,,,,,(705) 522-1649,reception@scacademy.ca,https://www.scacademy.ca,"1096 Dublin Street Sudbury, ON P3A1R6 CA",Edvance member,true
Edvance (OACS),TDChristian High School,High School,9-12,Principal,William,Groot,,,905-851-1772,info@tdchristian.ca,https://www.tdchristian.ca,"377 Woodbridge Ave. Woodbridge, ON L4L 2V7 CA",Edvance member; web-research-2026,true
Edvance (OACS),TDChristian High School,High School,9-12,Athletic Director,,,,,905-851-1772,info@tdchristian.ca,https://www.tdchristian.ca,"377 Woodbridge Ave. Woodbridge, ON L4L 2V7 CA",Edvance member,true
Edvance (OACS),TDChristian High School,High School,9-12,Vice Principal,,,,,905-851-1772,info@tdchristian.ca,https://www.tdchristian.ca,"377 Woodbridge Ave. Woodbridge, ON L4L 2V7 CA",Edvance member,true
Edvance (OACS),Thrive Academy,Elementary/Middle,Elementary,Principal,,,,,519-615-3438,connect@thriveacademylondon.ca,https://www.thrivehybridacademy.com/,"890 Sarnia Road London, ON N6H 5K1 CA",Edvance member,true
Edvance (OACS),Thrive Academy,Elementary/Middle,Elementary,Vice Principal,,,,,519-615-3438,connect@thriveacademylondon.ca,https://www.thrivehybridacademy.com/,"890 Sarnia Road London, ON N6H 5K1 CA",Edvance member,true
Edvance (OACS),Thunder Bay Christian School,K-12,K-12,Principal,,,,,807-939-1209,office@tbcs.school,https://tbcs.school/,"37 Cooper Road Rosslyn, ON P7K 0E2 CA",Edvance member,true
Edvance (OACS),Thunder Bay Christian School,K-12,K-12,Athletic Director,,,,,807-939-1209,office@tbcs.school,https://tbcs.school/,"37 Cooper Road Rosslyn, ON P7K 0E2 CA",Edvance member,true
Edvance (OACS),Thunder Bay Christian School,K-12,K-12,Vice Principal,,,,,807-939-1209,office@tbcs.school,https://tbcs.school/,"37 Cooper Road Rosslyn, ON P7K 0E2 CA",Edvance member,true
Edvance (OACS),Timothy Christian School,Elementary/Middle,Elementary,Principal,,,,,519-371-9151,office@tcsowensound.com,https://www.tcsowensound.com,"1735 Fourth Ave. W. Owen Sound, ON N4K 4X7 CA",Edvance member,true
Edvance (OACS),Timothy Christian School,Elementary/Middle,Elementary,Principal,,,,,705-726-6621,tcsgen@timothychristianschool.ca,https://www.timothychristianschool.ca,"750 Essa Road Barrie, ON L4N 9E9 CA",Edvance member,true
Edvance (OACS),Timothy Christian School,Elementary/Middle,Elementary,Vice Principal,,,,,519-371-9151,office@tcsowensound.com,https://www.tcsowensound.com,"1735 Fourth Ave. W. Owen Sound, ON N4K 4X7 CA",Edvance member,true
Edvance (OACS),Timothy Christian School,Elementary/Middle,Elementary,Vice Principal,,,,,705-726-6621,tcsgen@timothychristianschool.ca,https://www.timothychristianschool.ca,"750 Essa Road Barrie, ON L4N 9E9 CA",Edvance member,true
Edvance (OACS),Timothy Christian School - Etobicoke,Elementary/Middle,Elementary,Principal,,,,,416-741-5770,office@timothycs.com,https://www.timothycs.com,"28 Elmhurst Dr. Etobicoke, ON M9W 2J5 CA",Edvance member,true
Edvance (OACS),Timothy Christian School - Etobicoke,Elementary/Middle,Elementary,Vice Principal,,,,,416-741-5770,office@timothycs.com,https://www.timothycs.com,"28 Elmhurst Dr. Etobicoke, ON M9W 2J5 CA",Edvance member,true
Edvance (OACS),Timothy Christian School - Hamilton,Elementary/Middle,Elementary,Principal,,,,,905-385-3953,office@timothyschool.org,https://timothyschool.org,"430 East 25th Street Hamilton, ON L8V 3B4 CA",Edvance member,true
Edvance (OACS),Timothy Christian School - Hamilton,Elementary/Middle,Elementary,Vice Principal,,,,,905-385-3953,office@timothyschool.org,https://timothyschool.org,"430 East 25th Street Hamilton, ON L8V 3B4 CA",Edvance member,true
Edvance (OACS),Timothy Christian School - Williamsburg,Elementary/Middle,Elementary,Principal,,,,,613-535-2687,office@tcswilliamsburg.ca,https://www.tcswilliamsburg.ca,"Box 179, 12600 County Rd. 18 Williamsburg, ON K0C 2H0 CA",Edvance member,true
Edvance (OACS),Timothy Christian School - Williamsburg,Elementary/Middle,Elementary,Vice Principal,,,,,613-535-2687,office@tcswilliamsburg.ca,https://www.tcswilliamsburg.ca,"Box 179, 12600 County Rd. 18 Williamsburg, ON K0C 2H0 CA",Edvance member,true
Edvance (OACS),Trenton Christian School,Elementary/Middle,Elementary,Principal,,,,,613-392-3600,office@trentonchristianschool.com,https://www.qrcs.ca/trenton-christian-school/,"340 Second Dug Hill Rd, RR#4 Trenton, ON K8V 5P7 CA",Edvance member,true
Edvance (OACS),Trenton Christian School,Elementary/Middle,Elementary,Vice Principal,,,,,613-392-3600,office@trentonchristianschool.com,https://www.qrcs.ca/trenton-christian-school/,"340 Second Dug Hill Rd, RR#4 Trenton, ON K8V 5P7 CA",Edvance member,true
Edvance (OACS),Trinity Christian School,Elementary/Middle,Elementary,Principal,,,,,905-634-3052,trinity@tcsonline.ca,https://www.trinitycs.ca,"2170 Itabashi Way Burlington, ON L7M 5B3 CA",Edvance member,true
Edvance (OACS),Trinity Christian School,Elementary/Middle,Elementary,Vice Principal,,,,,905-634-3052,trinity@tcsonline.ca,https://www.trinitycs.ca,"2170 Itabashi Way Burlington, ON L7M 5B3 CA",Edvance member,true
Edvance (OACS),UMEI Christian High School,High School,9-12,Principal,,,,,519-326-7448,office@umei.ca,https://umei.ca/,"614 Mersea Rd 6, RR #5 Leamington, ON N8H 3V8 CA",Edvance member,true
Edvance (OACS),UMEI Christian High School,High School,9-12,Athletic Director,,,,,519-326-7448,office@umei.ca,https://umei.ca/,"614 Mersea Rd 6, RR #5 Leamington, ON N8H 3V8 CA",Edvance member,true
Edvance (OACS),UMEI Christian High School,High School,9-12,Vice Principal,,,,,519-326-7448,office@umei.ca,https://umei.ca/,"614 Mersea Rd 6, RR #5 Leamington, ON N8H 3V8 CA",Edvance member,true
Edvance (OACS),Unity Christian High School,High School,9-12,Principal,,,,,705-792-6915,info@unitychristianhigh.ca,https://www.unitychristianhigh.ca,"25 Burton Ave Barrie, ON L4N 2R3 CA",Edvance member,true
Edvance (OACS),Unity Christian High School,High School,9-12,Athletic Director,,,,,705-792-6915,info@unitychristianhigh.ca,https://www.unitychristianhigh.ca,"25 Burton Ave Barrie, ON L4N 2R3 CA",Edvance member,true
Edvance (OACS),Unity Christian High School,High School,9-12,Vice Principal,,,,,705-792-6915,info@unitychristianhigh.ca,https://www.unitychristianhigh.ca,"25 Burton Ave Barrie, ON L4N 2R3 CA",Edvance member,true
Edvance (OACS),Wallaceburg Christian School,Elementary/Middle,Elementary,Principal,,,,,519-627-6013,admin@wallaceburgchristianschool.com,https://www.wallaceburgchristianschool.com,"693 Albert St. Wallaceburg, ON N8A 1Y8 CA",Edvance member,true
Edvance (OACS),Wallaceburg Christian School,Elementary/Middle,Elementary,Vice Principal,,,,,519-627-6013,admin@wallaceburgchristianschool.com,https://www.wallaceburgchristianschool.com,"693 Albert St. Wallaceburg, ON N8A 1Y8 CA",Edvance member,true
Edvance (OACS),Wesley Christian Academy,Elementary/Middle,Elementary,Principal,,,,,905-201-8461,info@wesleyca.com,https://www.wesleyca.com,"22 Heritage Road Markham, ON L3P 1M4 CA",Edvance member,true
Edvance (OACS),Wesley Christian Academy,Elementary/Middle,Elementary,Vice Principal,,,,,905-201-8461,info@wesleyca.com,https://www.wesleyca.com,"22 Heritage Road Markham, ON L3P 1M4 CA",Edvance member,true
Edvance (OACS),Willowdale Christian School,Elementary/Middle,Elementary,Principal,,,,,416-222-1711,office@willowdalechristianschool.org,https://www.willowdalechristianschool.org,"60 Hilda Ave. North York, ON M2M 1V5 CA",Edvance member,true
Edvance (OACS),Willowdale Christian School,Elementary/Middle,Elementary,Vice Principal,,,,,416-222-1711,office@willowdalechristianschool.org,https://www.willowdalechristianschool.org,"60 Hilda Ave. North York, ON M2M 1V5 CA",Edvance member,true
Edvance (OACS),WONDERfield: for Charlotte Mason Education,Elementary/Middle,Elementary,Principal,,,,,519-990-4459,jengagnon3@gmail.com,,"111 Queen Street Kingsville, ON N9Y 2A1 CA",Edvance member,true
Edvance (OACS),WONDERfield: for Charlotte Mason Education,Elementary/Middle,Elementary,Vice Principal,,,,,519-990-4459,jengagnon3@gmail.com,,"111 Queen Street Kingsville, ON N9Y 2A1 CA",Edvance member,true
Edvance (OACS),Woodland Christian High School,High School,9-12,Principal,,,,,519-648-2114,office@woodland.on.ca,https://www.woodland.on.ca,"1058 Spitzig Rd. Breslau, ON N0B 1M0 CA",Edvance member,true
Edvance (OACS),Woodland Christian High School,High School,9-12,Athletic Director,,,,,519-648-2114,office@woodland.on.ca,https://www.woodland.on.ca,"1058 Spitzig Rd. Breslau, ON N0B 1M0 CA",Edvance member,true
Edvance (OACS),Woodland Christian High School,High School,9-12,Vice Principal,,,,,519-648-2114,office@woodland.on.ca,https://www.woodland.on.ca,"1058 Spitzig Rd. Breslau, ON N0B 1M0 CA",Edvance member,true
Edvance (OACS),Woodstock Christian School,Elementary/Middle,Elementary,Principal,,,,,519-539-1492,office@woodstockchristian.ca,https://www.woodstockchristian.ca,"800 Juliana Drive P.O. Box 1597 Woodstock, ON N4S 0A8 CA",Edvance member,true
Edvance (OACS),Woodstock Christian School,Elementary/Middle,Elementary,Vice Principal,,,,,519-539-1492,office@woodstockchristian.ca,https://www.woodstockchristian.ca,"800 Juliana Drive P.O. Box 1597 Woodstock, ON N4S 0A8 CA",Edvance member,true
Mennonite,Rockway Mennonite Collegiate,High School,7-12,Principal,,,,,519-743-5209,office@rockway.ca,https://rockway.ca/,"110 Doon Rd, Kitchener, ON N2G 3C8",Mennonite school,true
Mennonite,Rockway Mennonite Collegiate,High School,7-12,Athletic Director,,,,,519-743-5209,office@rockway.ca,https://rockway.ca/,"110 Doon Rd, Kitchener, ON N2G 3C8",Mennonite school,true
Mennonite,Rockway Mennonite Collegiate,High School,7-12,Vice Principal,,,,,519-743-5209,office@rockway.ca,https://rockway.ca/,"110 Doon Rd, Kitchener, ON N2G 3C8",Mennonite school,true
Mennonite,UMEI Christian High School,High School,9-12,Principal,,,,,519-326-7448,office@umei.ca,https://umei.ca/,"614 Mersea Rd 6, Leamington, ON N8H 3V8",Mennonite school,true
Mennonite,UMEI Christian High School,High School,9-12,Athletic Director,,,,,519-326-7448,office@umei.ca,https://umei.ca/,"614 Mersea Rd 6, Leamington, ON N8H 3V8",Mennonite school,true
Mennonite,UMEI Christian High School,High School,9-12,Vice Principal,,,,,519-326-7448,office@umei.ca,https://umei.ca/,"614 Mersea Rd 6, Leamington, ON N8H 3V8",Mennonite school,true
