run,ok,http_status,ms,task_count,error
1,False,400,22422,0,"AI did not return a task for: multiple-choice, physical-multiple-choice, true-false, short-answer, reading-comp, sequence, timeline, matching, open-text, photo, make-and-snap, body-break, motion-mission, musical-chairs, mad-dash-sequence, true-false-tictactoe, flashcards, flashcards-race, guess-who, hangman-duel, word-weaver-duel, pet-feeding, collaboration, live-debate, brainstorm-battle, fake-out, brain-spark-notes, mind-mapper, narration-synthesize, role-play-deck, script-play, echo-chain, pronunciation, speech-recognition"
2,False,400,24106,0,"AI did not return a task for: multiple-choice, physical-multiple-choice, true-false, reading-comp, timeline, matching, open-text, photo, make-and-snap, photo-journal, body-break, motion-mission, musical-chairs, mad-dash-sequence, brain-blitz, true-false-tictactoe, flashcards, flashcards-race, guess-who, hangman-duel, word-weaver-duel, pet-feeding, collaboration, live-debate, brainstorm-battle, fake-out, brain-spark-notes, mind-mapper, narration-synthesize, role-play-deck, script-play, echo-chain, pronunciation, speech-recognition"
3,False,400,19829,0,"AI did not return a task for: multiple-choice, physical-multiple-choice, true-false, short-answer, reading-comp, timeline, matching, open-text, photo, make-and-snap, body-break, motion-mission, musical-chairs, mad-dash-sequence, brain-blitz, true-false-tictactoe, flashcards, flashcards-race, guess-who, hangman-duel, word-weaver-duel, pet-feeding, collaboration, live-debate, brainstorm-battle, fake-out, brain-spark-notes, mind-mapper, narration-synthesize, role-play-deck, script-play, echo-chain, pronunciation, speech-recognition"
4,False,400,22150,0,"AI did not return a task for: multiple-choice, physical-multiple-choice, true-false, timeline, matching, open-text, photo, make-and-snap, photo-journal, body-break, motion-mission, musical-chairs, mad-dash-sequence, brain-blitz, true-false-tictactoe, flashcards, flashcards-race, guess-who, hangman-duel, word-weaver-duel, pet-feeding, collaboration, live-debate, brainstorm-battle, fake-out, brain-spark-notes, mind-mapper, narration-synthesize, role-play-deck, script-play, echo-chain, pronunciation, speech-recognition"
5,False,400,17551,0,"AI did not return a task for: multiple-choice, physical-multiple-choice, true-false, reading-comp, timeline, matching, open-text, photo, make-and-snap, photo-journal, body-break, motion-mission, musical-chairs, mad-dash-sequence, brain-blitz, true-false-tictactoe, flashcards, flashcards-race, guess-who, hangman-duel, word-weaver-duel, pet-feeding, collaboration, live-debate, brainstorm-battle, fake-out, brain-spark-notes, mind-mapper, narration-synthesize, role-play-deck, script-play, echo-chain, pronunciation, speech-recognition"
6,False,400,18522,0,"AI did not return a task for: multiple-choice, physical-multiple-choice, true-false, short-answer, reading-comp, timeline, matching, open-text, photo, make-and-snap, motion-mission, musical-chairs, mad-dash-sequence, brain-blitz, true-false-tictactoe, flashcards, flashcards-race, guess-who, hangman-duel, word-weaver-duel, pet-feeding, collaboration, live-debate, brainstorm-battle, fake-out, brain-spark-notes, mind-mapper, narration-synthesize, role-play-deck, script-play, echo-chain, pronunciation, speech-recognition"
7,False,400,17827,0,"AI did not return a task for: multiple-choice, physical-multiple-choice, true-false, reading-comp, sort, sequence, timeline, matching, open-text, photo, make-and-snap, photo-journal, motion-mission, musical-chairs, mad-dash-sequence, brain-blitz, true-false-tictactoe, flashcards, flashcards-race, guess-who, hangman-duel, word-weaver-duel, pet-feeding, collaboration, live-debate, brainstorm-battle, fake-out, brain-spark-notes, mind-mapper, narration-synthesize, role-play-deck, script-play, echo-chain, pronunciation, speech-recognition"
8,False,400,22013,0,"AI did not return a task for: multiple-choice, physical-multiple-choice, true-false, short-answer, reading-comp, sequence, timeline, matching, open-text, photo, make-and-snap, photo-journal, body-break, motion-mission, musical-chairs, mad-dash-sequence, true-false-tictactoe, flashcards, flashcards-race, guess-who, hangman-duel, word-weaver-duel, pet-feeding, collaboration, live-debate, brainstorm-battle, fake-out, brain-spark-notes, mind-mapper, narration-synthesize, role-play-deck, script-play, echo-chain, pronunciation, speech-recognition"
9,False,400,26990,0,"AI did not return a task for: multiple-choice, physical-multiple-choice, true-false, short-answer, reading-comp, timeline, matching, open-text, photo, make-and-snap, motion-mission, musical-chairs, mad-dash-sequence, brain-blitz, true-false-tictactoe, flashcards, flashcards-race, guess-who, hangman-duel, word-weaver-duel, pet-feeding, collaboration, live-debate, brainstorm-battle, fake-out, brain-spark-notes, mind-mapper, narration-synthesize, role-play-deck, script-play, echo-chain, pronunciation, speech-recognition"
10,False,400,20762,0,"AI did not return a task for: multiple-choice, physical-multiple-choice, true-false, short-answer, reading-comp, sequence, timeline, matching, open-text, photo, make-and-snap, body-break, motion-mission, musical-chairs, mad-dash-sequence, brain-blitz, true-false-tictactoe, flashcards, flashcards-race, guess-who, hangman-duel, word-weaver-duel, pet-feeding, collaboration, live-debate, brainstorm-battle, fake-out, brain-spark-notes, mind-mapper, narration-synthesize, role-play-deck, script-play, echo-chain, pronunciation, speech-recognition"
11,False,400,24230,0,"AI did not return a task for: multiple-choice, physical-multiple-choice, true-false, short-answer, reading-comp, sequence, timeline, matching, open-text, photo, make-and-snap, body-break, motion-mission, musical-chairs, mad-dash-sequence, brain-blitz, true-false-tictactoe, flashcards, flashcards-race, guess-who, hangman-duel, word-weaver-duel, pet-feeding, collaboration, live-debate, brainstorm-battle, fake-out, brain-spark-notes, mind-mapper, narration-synthesize, role-play-deck, script-play, echo-chain, pronunciation, speech-recognition"
12,False,400,19780,0,"AI did not return a task for: multiple-choice, physical-multiple-choice, true-false, short-answer, timeline, matching, open-text, photo, make-and-snap, photo-journal, body-break, motion-mission, musical-chairs, mad-dash-sequence, brain-blitz, true-false-tictactoe, flashcards, flashcards-race, guess-who, hangman-duel, word-weaver-duel, pet-feeding, collaboration, live-debate, brainstorm-battle, fake-out, brain-spark-notes, mind-mapper, narration-synthesize, role-play-deck, script-play, echo-chain, pronunciation, speech-recognition"
13,False,400,19435,0,"AI did not return a task for: multiple-choice, physical-multiple-choice, true-false, reading-comp, matching, open-text, photo, make-and-snap, photo-journal, body-break, motion-mission, musical-chairs, mad-dash-sequence, brain-blitz, true-false-tictactoe, flashcards, flashcards-race, guess-who, hangman-duel, word-weaver-duel, pet-feeding, collaboration, live-debate, brainstorm-battle, fake-out, brain-spark-notes, mind-mapper, narration-synthesize, role-play-deck, script-play, echo-chain, pronunciation, speech-recognition"
14,False,400,23847,0,"AI did not return a task for: multiple-choice, physical-multiple-choice, true-false, sequence, timeline, matching, open-text, photo, make-and-snap, photo-journal, body-break, motion-mission, musical-chairs, mad-dash-sequence, brain-blitz, true-false-tictactoe, flashcards, flashcards-race, guess-who, hangman-duel, word-weaver-duel, pet-feeding, collaboration, live-debate, brainstorm-battle, fake-out, brain-spark-notes, mind-mapper, narration-synthesize, role-play-deck, script-play, echo-chain, pronunciation, speech-recognition"
15,False,400,23174,0,"AI did not return a task for: multiple-choice, physical-multiple-choice, true-false, short-answer, timeline, matching, open-text, photo, make-and-snap, body-break, motion-mission, musical-chairs, mad-dash-sequence, brain-blitz, true-false-tictactoe, flashcards, flashcards-race, guess-who, hangman-duel, word-weaver-duel, pet-feeding, collaboration, live-debate, brainstorm-battle, fake-out, brain-spark-notes, mind-mapper, narration-synthesize, role-play-deck, script-play, echo-chain, pronunciation, speech-recognition"
16,False,400,19386,0,"AI did not return a task for: multiple-choice, physical-multiple-choice, true-false, short-answer, reading-comp, timeline, matching, open-text, photo, make-and-snap, body-break, motion-mission, musical-chairs, mad-dash-sequence, brain-blitz, true-false-tictactoe, flashcards, flashcards-race, guess-who, hangman-duel, word-weaver-duel, pet-feeding, collaboration, live-debate, brainstorm-battle, fake-out, brain-spark-notes, mind-mapper, narration-synthesize, role-play-deck, script-play, echo-chain, pronunciation, speech-recognition"
17,False,400,17240,0,"AI did not return a task for: multiple-choice, physical-multiple-choice, true-false, short-answer, timeline, matching, open-text, photo, make-and-snap, photo-journal, body-break, motion-mission, musical-chairs, mad-dash-sequence, brain-blitz, true-false-tictactoe, flashcards, flashcards-race, guess-who, hangman-duel, word-weaver-duel, pet-feeding, collaboration, live-debate, brainstorm-battle, fake-out, brain-spark-notes, mind-mapper, narration-synthesize, role-play-deck, script-play, echo-chain, pronunciation, speech-recognition"
18,False,400,20557,0,"AI did not return a task for: multiple-choice, physical-multiple-choice, true-false, reading-comp, timeline, matching, open-text, photo, make-and-snap, photo-journal, body-break, motion-mission, musical-chairs, mad-dash-sequence, brain-blitz, true-false-tictactoe, flashcards, flashcards-race, guess-who, hangman-duel, word-weaver-duel, pet-feeding, collaboration, live-debate, brainstorm-battle, fake-out, brain-spark-notes, mind-mapper, narration-synthesize, role-play-deck, script-play, echo-chain, pronunciation, speech-recognition"
19,False,400,25003,0,"AI did not return a task for: multiple-choice, physical-multiple-choice, true-false, reading-comp, timeline, matching, open-text, photo, make-and-snap, photo-journal, body-break, motion-mission, musical-chairs, mad-dash-sequence, brain-blitz, true-false-tictactoe, flashcards, flashcards-race, guess-who, hangman-duel, word-weaver-duel, pet-feeding, collaboration, live-debate, brainstorm-battle, fake-out, brain-spark-notes, mind-mapper, narration-synthesize, role-play-deck, script-play, echo-chain, pronunciation, speech-recognition"
20,False,400,23744,0,"AI did not return a task for: multiple-choice, physical-multiple-choice, true-false, short-answer, reading-comp, sequence, timeline, matching, open-text, photo, make-and-snap, body-break, motion-mission, musical-chairs, mad-dash-sequence, brain-blitz, true-false-tictactoe, flashcards, flashcards-race, guess-who, hangman-duel, word-weaver-duel, pet-feeding, collaboration, live-debate, brainstorm-battle, fake-out, brain-spark-notes, mind-mapper, narration-synthesize, role-play-deck, script-play, echo-chain, pronunciation, speech-recognition"
21,False,400,21368,0,"AI did not return a task for: multiple-choice, physical-multiple-choice, true-false, short-answer, sequence, timeline, matching, open-text, photo, make-and-snap, motion-mission, musical-chairs, mad-dash-sequence, brain-blitz, true-false-tictactoe, flashcards, flashcards-race, guess-who, hangman-duel, word-weaver-duel, pet-feeding, collaboration, live-debate, brainstorm-battle, fake-out, brain-spark-notes, mind-mapper, narration-synthesize, role-play-deck, script-play, echo-chain, pronunciation, speech-recognition"
22,False,400,23650,0,"AI did not return a task for: multiple-choice, physical-multiple-choice, true-false, short-answer, reading-comp, sort, sequence, timeline, matching, open-text, photo, make-and-snap, body-break, musical-chairs, mad-dash-sequence, brain-blitz, true-false-tictactoe, flashcards, flashcards-race, guess-who, hangman-duel, word-weaver-duel, pet-feeding, collaboration, live-debate, brainstorm-battle, fake-out, brain-spark-notes, mind-mapper, narration-synthesize, role-play-deck, script-play, echo-chain, pronunciation, speech-recognition"
23,False,400,22282,0,"AI did not return a task for: multiple-choice, physical-multiple-choice, true-false, short-answer, reading-comp, sort, timeline, matching, open-text, photo, make-and-snap, photo-journal, body-break, motion-mission, musical-chairs, mad-dash-sequence, brain-blitz, true-false-tictactoe, flashcards, flashcards-race, guess-who, hangman-duel, word-weaver-duel, pet-feeding, collaboration, live-debate, brainstorm-battle, fake-out, brain-spark-notes, mind-mapper, narration-synthesize, role-play-deck, script-play, echo-chain, pronunciation, speech-recognition"
24,False,400,22502,0,"AI did not return a task for: multiple-choice, physical-multiple-choice, true-false, reading-comp, timeline, matching, open-text, photo, make-and-snap, photo-journal, body-break, motion-mission, musical-chairs, mad-dash-sequence, brain-blitz, true-false-tictactoe, flashcards, flashcards-race, guess-who, hangman-duel, word-weaver-duel, pet-feeding, collaboration, live-debate, brainstorm-battle, fake-out, brain-spark-notes, mind-mapper, narration-synthesize, role-play-deck, script-play, echo-chain, pronunciation, speech-recognition"
25,False,400,25320,0,"AI did not return a task for: multiple-choice, physical-multiple-choice, true-false, short-answer, reading-comp, timeline, matching, open-text, photo, make-and-snap, body-break, motion-mission, musical-chairs, mad-dash-sequence, true-false-tictactoe, flashcards, flashcards-race, guess-who, hangman-duel, word-weaver-duel, pet-feeding, collaboration, live-debate, brainstorm-battle, fake-out, brain-spark-notes, mind-mapper, narration-synthesize, role-play-deck, script-play, echo-chain, pronunciation, speech-recognition"
26,False,400,16576,0,"AI did not return a task for: multiple-choice, physical-multiple-choice, true-false, short-answer, sort, timeline, matching, open-text, photo, make-and-snap, photo-journal, motion-mission, musical-chairs, mad-dash-sequence, brain-blitz, true-false-tictactoe, flashcards, flashcards-race, guess-who, hangman-duel, word-weaver-duel, pet-feeding, collaboration, live-debate, brainstorm-battle, fake-out, brain-spark-notes, mind-mapper, narration-synthesize, role-play-deck, script-play, echo-chain, pronunciation, speech-recognition"
